steam_language,iso_code,language_name
english,en,Inglés
spanish,es,Español
latam,es,Español
french,fr,Francés
german,de,Alemán
italian,it,Italiano
portuguese,pt,Portugués
brazilian,pt,Portugués
russian,ru,Ruso
ukrainian,uk,Ucraniano
polish,pl,Polaco
czech,cs,Checo
hungarian,hu,Húngaro
romanian,ro,Rumano
bulgarian,bg,Búlgaro
greek,el,Griego
turkish,tr,Turco
dutch,nl,Neerlandés
swedish,sv,Sueco
danish,da,Danés
finnish,fi,Finés
norwegian,no,Noruego
schinese,zh,Chino
tchinese,zh,Chino
japanese,ja,Japonés
koreana,ko,Coreano
thai,th,Tailandés
vietnamese,vi,Vietnamita
indonesian,id,Indonesio
arabic,ar,Árabe
